State_Code,State,District_key,District,Confirmed,Active,Recovered,Deceased,Other
AN,Andaman and Nicobar Islands,AN_Nicobars,Nicobars,0,0,0,0,0
AN,Andaman and Nicobar Islands,AN_North and Middle Andaman,North and Middle Andaman,0,0,0,0,0
AN,Andaman and Nicobar Islands,AN_South Andaman,South Andaman,0,0,0,0,0
AN,Andaman and Nicobar Islands,AN_Unknown,Unknown,7651,4,7518,129,0
AP,Andhra Pradesh,AP_Anantapur,Anantapur,157861,69,156699,1093,0
AP,Andhra Pradesh,AP_Chittoor,Chittoor,247147,1055,244144,1948,0
AP,Andhra Pradesh,AP_East Godavari,East Godavari,294018,1118,291610,1290,0
AP,Andhra Pradesh,AP_Foreign Evacuees,Foreign Evacuees,496,62,434,0,0
AP,Andhra Pradesh,AP_Guntur,Guntur,178196,326,176629,1241,0
AP,Andhra Pradesh,AP_Krishna,Krishna,119484,920,117130,1434,0
AP,Andhra Pradesh,AP_Kurnool,Kurnool,124146,29,123264,853,0
AP,Andhra Pradesh,AP_Other State,Other State,2475,14,2461,0,0
AP,Andhra Pradesh,AP_Prakasam,Prakasam,138525,410,136989,1126,0
AP,Andhra Pradesh,AP_S.P.S. Nellore,S.P.S. Nellore,146482,510,144919,1053,0
AP,Andhra Pradesh,AP_Srikakulam,Srikakulam,123175,253,122136,786,0
AP,Andhra Pradesh,AP_Unknown,Unknown,57,-12,69,0,0
AP,Andhra Pradesh,AP_Visakhapatnam,Visakhapatnam,157840,220,156492,1128,0
AP,Andhra Pradesh,AP_Vizianagaram,Vizianagaram,82980,77,82231,672,0
AP,Andhra Pradesh,AP_West Godavari,West Godavari,179147,347,177680,1120,0
AP,Andhra Pradesh,AP_Y.S.R. Kadapa,Y.S.R. Kadapa,115663,115,114904,644,0
AR,Arunachal Pradesh,AR_Anjaw,Anjaw,1068,0,1065,3,0
AR,Arunachal Pradesh,AR_Capital Complex,Capital Complex,1,-3,4,0,0
AR,Arunachal Pradesh,AR_Changlang,Changlang,3808,4,3782,22,0
AR,Arunachal Pradesh,AR_East Kameng,East Kameng,1094,0,1094,0,0
AR,Arunachal Pradesh,AR_East Siang,East Siang,3208,6,3185,17,0
AR,Arunachal Pradesh,AR_Kamle,Kamle,512,0,512,0,0
AR,Arunachal Pradesh,AR_Kra Daadi,Kra Daadi,270,0,270,0,0
AR,Arunachal Pradesh,AR_Kurung Kumey,Kurung Kumey,511,0,510,1,0
AR,Arunachal Pradesh,AR_Lepa Rada,Lepa Rada,876,2,871,3,0
AR,Arunachal Pradesh,AR_Lohit,Lohit,2887,10,2851,26,0
AR,Arunachal Pradesh,AR_Longding,Longding,752,1,749,2,0
AR,Arunachal Pradesh,AR_Lower Dibang Valley,Lower Dibang Valley,2429,9,2409,11,0
AR,Arunachal Pradesh,AR_Lower Siang,Lower Siang,738,0,730,8,0
AR,Arunachal Pradesh,AR_Lower Subansiri,Lower Subansiri,3038,5,3018,15,0
AR,Arunachal Pradesh,AR_Namsai,Namsai,2128,3,2108,17,0
AR,Arunachal Pradesh,AR_Pakke Kessang,Pakke Kessang,453,0,453,0,0
AR,Arunachal Pradesh,AR_Papum Pare,Papum Pare,18317,7,18212,98,0
AR,Arunachal Pradesh,AR_Shi Yomi,Shi Yomi,262,1,261,0,0
AR,Arunachal Pradesh,AR_Siang,Siang,411,0,408,3,0
AR,Arunachal Pradesh,AR_Tawang,Tawang,2583,16,2547,20,0
AR,Arunachal Pradesh,AR_Tirap,Tirap,1109,0,1104,5,0
AR,Arunachal Pradesh,AR_Upper Dibang Valley,Upper Dibang Valley,337,0,335,2,0
AR,Arunachal Pradesh,AR_Upper Siang,Upper Siang,1017,1,1015,1,0
AR,Arunachal Pradesh,AR_Upper Subansiri,Upper Subansiri,1958,0,1952,6,0
AR,Arunachal Pradesh,AR_West Kameng,West Kameng,3545,7,3524,14,0
AR,Arunachal Pradesh,AR_West Siang,West Siang,1868,5,1857,6,0
AS,Assam,AS_Baksa,Baksa,17,16,0,1,0
AS,Assam,AS_Barpeta,Barpeta,80,79,0,1,0
AS,Assam,AS_Biswanath,Biswanath,11,11,0,0,0
AS,Assam,AS_Bongaigaon,Bongaigaon,3,2,0,1,0
AS,Assam,AS_Cachar,Cachar,11,11,0,0,0
AS,Assam,AS_Charaideo,Charaideo,0,0,0,0,0
AS,Assam,AS_Chirang,Chirang,0,0,0,0,0
AS,Assam,AS_Darrang,Darrang,45,44,0,1,0
AS,Assam,AS_Dhemaji,Dhemaji,11,11,0,0,0
AS,Assam,AS_Dhubri,Dhubri,4,4,0,0,0
AS,Assam,AS_Dibrugarh,Dibrugarh,34,32,0,2,0
AS,Assam,AS_Dima Hasao,Dima Hasao,7,7,0,0,0
AS,Assam,AS_Goalpara,Goalpara,21,20,0,1,0
AS,Assam,AS_Golaghat,Golaghat,18,18,0,0,0
AS,Assam,AS_Hailakandi,Hailakandi,1,1,0,0,0
AS,Assam,AS_Hojai,Hojai,8,8,0,0,0
AS,Assam,AS_Jorhat,Jorhat,50,49,0,1,0
AS,Assam,AS_Kamrup,Kamrup,67,65,0,2,0
AS,Assam,AS_Kamrup Metropolitan,Kamrup Metropolitan,444,439,0,5,0
AS,Assam,AS_Karbi Anglong,Karbi Anglong,4,4,0,0,0
AS,Assam,AS_Karimganj,Karimganj,2,2,0,0,0
AS,Assam,AS_Kokrajhar,Kokrajhar,10,10,0,0,0
AS,Assam,AS_Lakhimpur,Lakhimpur,38,36,0,2,0
AS,Assam,AS_Majuli,Majuli,0,0,0,0,0
AS,Assam,AS_Morigaon,Morigaon,3,3,0,0,0
AS,Assam,AS_Nagaon,Nagaon,30,29,0,1,0
AS,Assam,AS_Nalbari,Nalbari,25,24,0,1,0
AS,Assam,AS_Sivasagar,Sivasagar,27,27,0,0,0
AS,Assam,AS_Sonitpur,Sonitpur,30,27,0,3,0
AS,Assam,AS_South Salmara Mankachar,South Salmara Mankachar,0,0,0,0,0
AS,Assam,AS_Tinsukia,Tinsukia,4,4,0,0,0
AS,Assam,AS_Udalguri,Udalguri,5,5,0,0,0
AS,Assam,AS_Unknown,Unknown,610645,2319,600982,5997,1347
AS,Assam,AS_West Karbi Anglong,West Karbi Anglong,1,1,0,0,0
BR,Bihar,BR_Araria,Araria,14979,4,14859,116,0
BR,Bihar,BR_Arwal,Arwal,7381,0,7307,74,0
BR,Bihar,BR_Aurangabad,Aurangabad,20011,0,19936,75,0
BR,Bihar,BR_Banka,Banka,7379,0,7267,112,0
BR,Bihar,BR_Begusarai,Begusarai,27214,3,26754,457,0
BR,Bihar,BR_Bhagalpur,Bhagalpur,25840,0,25531,309,0
BR,Bihar,BR_Bhojpur,Bhojpur,10210,0,10051,159,0
BR,Bihar,BR_Buxar,Buxar,9248,0,9066,182,0
BR,Bihar,BR_Darbhanga,Darbhanga,10939,2,10567,370,0
BR,Bihar,BR_East Champaran,East Champaran,19017,2,18585,430,0
BR,Bihar,BR_Gaya,Gaya,33953,1,33672,280,0
BR,Bihar,BR_Gopalganj,Gopalganj,16685,0,16591,94,0
BR,Bihar,BR_Jamui,Jamui,9419,1,9312,106,0
BR,Bihar,BR_Jehanabad,Jehanabad,10783,0,10674,109,0
BR,Bihar,BR_Kaimur,Kaimur,4984,0,4837,147,0
BR,Bihar,BR_Katihar,Katihar,18147,2,18051,94,0
BR,Bihar,BR_Khagaria,Khagaria,10068,4,9976,88,0
BR,Bihar,BR_Kishanganj,Kishanganj,10133,10,10057,66,0
BR,Bihar,BR_Lakhisarai,Lakhisarai,7776,0,7674,102,0
BR,Bihar,BR_Madhepura,Madhepura,12547,1,12435,111,0
BR,Bihar,BR_Madhubani,Madhubani,18370,8,18023,339,0
BR,Bihar,BR_Munger,Munger,15111,0,14953,158,0
BR,Bihar,BR_Muzaffarpur,Muzaffarpur,31401,3,30777,621,0
BR,Bihar,BR_Nalanda,Nalanda,23433,1,22964,468,0
BR,Bihar,BR_Nawada,Nawada,10353,1,10174,178,0
BR,Bihar,BR_Other State,Other State,4,4,0,0,0
BR,Bihar,BR_Patna,Patna,147012,27,144651,2334,0
BR,Bihar,BR_Purnia,Purnia,24428,1,24247,180,0
BR,Bihar,BR_Rohtas,Rohtas,13980,2,13707,271,0
BR,Bihar,BR_Saharsa,Saharsa,17618,2,17482,134,0
BR,Bihar,BR_Samastipur,Samastipur,20023,4,19864,155,0
BR,Bihar,BR_Saran,Saran,23278,3,23020,255,0
BR,Bihar,BR_Sheikhpura,Sheikhpura,7694,1,7618,75,0
BR,Bihar,BR_Sheohar,Sheohar,4405,1,4368,36,0
BR,Bihar,BR_Sitamarhi,Sitamarhi,9186,1,9058,127,0
BR,Bihar,BR_Siwan,Siwan,15195,0,15025,170,0
BR,Bihar,BR_Supaul,Supaul,17223,1,17093,129,0
BR,Bihar,BR_Unknown,Unknown,197,174,23,0,0
BR,Bihar,BR_Vaishali,Vaishali,19828,3,19632,192,1
BR,Bihar,BR_West Champaran,West Champaran,20895,5,20532,358,0
CH,Chandigarh,CH_Chandigarh,Chandigarh,65362,40,64502,820,0
CT,Chhattisgarh,CT_Balod,Balod,27281,5,26880,396,0
CT,Chhattisgarh,CT_Baloda Bazar,Baloda Bazar,43091,9,42611,471,0
CT,Chhattisgarh,CT_Balrampur,Balrampur,20302,1,20183,118,0
CT,Chhattisgarh,CT_Bametara,Bametara,19964,2,19726,236,0
CT,Chhattisgarh,CT_Bastar,Bastar,21069,32,20849,188,0
CT,Chhattisgarh,CT_Bijapur,Bijapur,8324,6,8263,55,0
CT,Chhattisgarh,CT_Bilaspur,Bilaspur,65690,30,64449,1211,0
CT,Chhattisgarh,CT_Dakshin Bastar Dantewada,Dakshin Bastar Dantewada,10847,13,10809,25,0
CT,Chhattisgarh,CT_Dhamtari,Dhamtari,27239,3,26691,545,0
CT,Chhattisgarh,CT_Durg,Durg,96891,57,95036,1798,0
CT,Chhattisgarh,CT_Gariaband,Gariaband,19702,2,19506,194,0
CT,Chhattisgarh,CT_Gaurela Pendra Marwahi,Gaurela Pendra Marwahi,12011,1,11864,146,0
CT,Chhattisgarh,CT_Janjgir Champa,Janjgir Champa,57644,36,56770,838,0
CT,Chhattisgarh,CT_Jashpur,Jashpur,27099,19,26868,212,0
CT,Chhattisgarh,CT_Kabeerdham,Kabeerdham,22777,7,22503,267,0
CT,Chhattisgarh,CT_Kondagaon,Kondagaon,13139,4,13036,99,0
CT,Chhattisgarh,CT_Korba,Korba,54852,38,54233,581,0
CT,Chhattisgarh,CT_Koriya,Koriya,26983,8,26798,177,0
CT,Chhattisgarh,CT_Mahasamund,Mahasamund,31368,2,31000,366,0
CT,Chhattisgarh,CT_Mungeli,Mungeli,23921,1,23753,167,0
CT,Chhattisgarh,CT_Narayanpur,Narayanpur,4019,0,4005,14,0
CT,Chhattisgarh,CT_Other State,Other State,806,5,670,131,0
CT,Chhattisgarh,CT_Raigarh,Raigarh,62596,19,61599,978,0
CT,Chhattisgarh,CT_Raipur,Raipur,158049,53,154855,3141,0
CT,Chhattisgarh,CT_Rajnandgaon,Rajnandgaon,56079,6,55557,516,0
CT,Chhattisgarh,CT_Sukma,Sukma,8066,4,8042,20,0
CT,Chhattisgarh,CT_Surajpur,Surajpur,29030,1,28805,224,0
CT,Chhattisgarh,CT_Surguja,Surguja,33676,5,33426,245,0
CT,Chhattisgarh,CT_Unknown,Unknown,4,4,0,0,0
CT,Chhattisgarh,CT_Uttar Bastar Kanker,Uttar Bastar Kanker,23639,7,23408,224,0
DL,Delhi,DL_Delhi,Delhi,1440278,619,1414568,25091,0
DN,Dadra and Nagar Haveli and Daman and Diu,DN_Dadra and Nagar Haveli,Dadra and Nagar Haveli,5921,3,5910,3,5
DN,Dadra and Nagar Haveli and Daman and Diu,DN_Daman,Daman,3545,2,3516,1,26
DN,Dadra and Nagar Haveli and Daman and Diu,DN_Diu,Diu,1220,2,1218,0,0
GA,Goa,GA_North Goa,North Goa,0,0,0,0,0
GA,Goa,GA_South Goa,South Goa,0,0,0,0,0
GA,Goa,GA_Unknown,Unknown,178108,352,174392,3364,0
GJ,Gujarat,GJ_Ahmedabad,Ahmedabad,238334,30,234893,3411,0
GJ,Gujarat,GJ_Amreli,Amreli,10811,1,10708,102,0
GJ,Gujarat,GJ_Anand,Anand,9637,4,9584,49,0
GJ,Gujarat,GJ_Aravalli,Aravalli,5186,0,5108,78,0
GJ,Gujarat,GJ_Banaskantha,Banaskantha,13631,0,13469,162,0
GJ,Gujarat,GJ_Bharuch,Bharuch,11426,0,11308,118,0
GJ,Gujarat,GJ_Bhavnagar,Bhavnagar,21447,3,21143,301,0
GJ,Gujarat,GJ_Botad,Botad,2218,0,2176,42,0
GJ,Gujarat,GJ_Chhota Udaipur,Chhota Udaipur,3395,0,3357,38,0
GJ,Gujarat,GJ_Dahod,Dahod,9955,0,9917,38,0
GJ,Gujarat,GJ_Dang,Dang,866,0,848,18,0
GJ,Gujarat,GJ_Devbhumi Dwarka,Devbhumi Dwarka,4178,3,4093,82,0
GJ,Gujarat,GJ_Gandhinagar,Gandhinagar,20754,0,20549,205,0
GJ,Gujarat,GJ_Gir Somnath,Gir Somnath,8570,4,8499,67,0
GJ,Gujarat,GJ_Jamnagar,Jamnagar,34978,6,34494,478,0
GJ,Gujarat,GJ_Junagadh,Junagadh,20507,7,20228,272,0
GJ,Gujarat,GJ_Kheda,Kheda,10439,0,10391,48,0
GJ,Gujarat,GJ_Kutch,Kutch,12631,7,12479,145,0
GJ,Gujarat,GJ_Mahisagar,Mahisagar,8194,0,8122,72,0
GJ,Gujarat,GJ_Mehsana,Mehsana,24419,0,24242,177,0
GJ,Gujarat,GJ_Morbi,Morbi,6502,0,6415,87,0
GJ,Gujarat,GJ_Narmada,Narmada,5955,0,5940,15,0
GJ,Gujarat,GJ_Navsari,Navsari,7215,7,7184,24,0
GJ,Gujarat,GJ_Other State,Other State,163,1,159,3,0
GJ,Gujarat,GJ_Panchmahal,Panchmahal,11770,0,11700,70,0
GJ,Gujarat,GJ_Patan,Patan,11624,0,11495,129,0
GJ,Gujarat,GJ_Porbandar,Porbandar,3486,0,3467,19,0
GJ,Gujarat,GJ_Rajkot,Rajkot,57976,8,57243,725,0
GJ,Gujarat,GJ_Sabarkantha,Sabarkantha,9317,1,9159,157,0
GJ,Gujarat,GJ_Surat,Surat,143874,31,141887,1956,0
GJ,Gujarat,GJ_Surendranagar,Surendranagar,8121,0,7985,136,0
GJ,Gujarat,GJ_Tapi,Tapi,4441,0,4417,24,0
GJ,Gujarat,GJ_Vadodara,Vadodara,78159,33,77338,788,0
GJ,Gujarat,GJ_Valsad,Valsad,6405,38,6314,53,0
HP,Himachal Pradesh,HP_Bilaspur,Bilaspur,14419,146,14187,85,1
HP,Himachal Pradesh,HP_Chamba,Chamba,13691,22,13507,160,2
HP,Himachal Pradesh,HP_Hamirpur,Hamirpur,17477,296,16893,287,1
HP,Himachal Pradesh,HP_Kangra,Kangra,51014,682,49203,1125,4
HP,Himachal Pradesh,HP_Kinnaur,Kinnaur,3516,10,3468,38,0
HP,Himachal Pradesh,HP_Kullu,Kullu,9703,32,9511,158,2
HP,Himachal Pradesh,HP_Lahaul and Spiti,Lahaul and Spiti,2956,3,2935,18,0
HP,Himachal Pradesh,HP_Mandi,Mandi,31668,147,31073,448,0
HP,Himachal Pradesh,HP_Shimla,Shimla,27574,108,26824,641,1
HP,Himachal Pradesh,HP_Sirmaur,Sirmaur,15457,2,15244,211,0
HP,Himachal Pradesh,HP_Solan,Solan,22823,29,22480,314,0
HP,Himachal Pradesh,HP_Una,Una,14330,195,13880,253,2
HR,Haryana,HR_Ambala,Ambala,30150,0,29641,509,0
HR,Haryana,HR_Bhiwani,Bhiwani,22409,0,21757,652,0
HR,Haryana,HR_Charkhi Dadri,Charkhi Dadri,5078,0,4939,139,0
HR,Haryana,HR_Faridabad,Faridabad,99907,18,99173,716,0
HR,Haryana,HR_Fatehabad,Fatehabad,17875,0,17394,481,0
HR,Haryana,HR_Foreign Evacuees,Foreign Evacuees,21,21,0,0,0
HR,Haryana,HR_Gurugram,Gurugram,181453,55,180476,922,0
HR,Haryana,HR_Hisar,Hisar,53995,1,52858,1136,0
HR,Haryana,HR_Italians,Italians,0,0,0,0,0
HR,Haryana,HR_Jhajjar,Jhajjar,18850,8,18514,328,0
HR,Haryana,HR_Jind,Jind,21209,0,20676,533,0
HR,Haryana,HR_Kaithal,Kaithal,11244,0,10898,346,0
HR,Haryana,HR_Karnal,Karnal,40037,1,39484,552,0
HR,Haryana,HR_Kurukshetra,Kurukshetra,22148,0,21791,357,0
HR,Haryana,HR_Mahendragarh,Mahendragarh,21691,2,21534,155,0
HR,Haryana,HR_Nuh,Nuh,5014,0,4891,123,0
HR,Haryana,HR_Palwal,Palwal,11026,1,10872,153,0
HR,Haryana,HR_Panchkula,Panchkula,30773,8,30386,379,0
HR,Haryana,HR_Panipat,Panipat,31150,1,30511,638,0
HR,Haryana,HR_Rewari,Rewari,20330,3,20106,221,0
HR,Haryana,HR_Rohtak,Rohtak,25903,18,25351,534,0
HR,Haryana,HR_Sirsa,Sirsa,29282,0,28774,508,0
HR,Haryana,HR_Sonipat,Sonipat,47138,0,46884,254,0
HR,Haryana,HR_Unknown,Unknown,0,-7,7,0,0
HR,Haryana,HR_Yamunanagar,Yamunanagar,24631,0,24217,414,0
JH,Jharkhand,JH_Bokaro,Bokaro,19461,5,19170,286,0
JH,Jharkhand,JH_Chatra,Chatra,6034,4,5977,53,0
JH,Jharkhand,JH_Deoghar,Deoghar,10835,1,10721,113,0
JH,Jharkhand,JH_Dhanbad,Dhanbad,16589,11,16196,382,0
JH,Jharkhand,JH_Dumka,Dumka,4638,2,4589,47,0
JH,Jharkhand,JH_East Singhbhum,East Singhbhum,51975,22,50907,1046,0
JH,Jharkhand,JH_Garhwa,Garhwa,6895,0,6801,94,0
JH,Jharkhand,JH_Giridih,Giridih,8964,0,8834,130,0
JH,Jharkhand,JH_Godda,Godda,5841,1,5753,87,0
JH,Jharkhand,JH_Gumla,Gumla,9902,7,9857,38,0
JH,Jharkhand,JH_Hazaribagh,Hazaribagh,19593,3,19404,186,0
JH,Jharkhand,JH_Jamtara,Jamtara,5600,5,5534,61,0
JH,Jharkhand,JH_Khunti,Khunti,7821,1,7724,96,0
JH,Jharkhand,JH_Koderma,Koderma,12872,0,12736,136,0
JH,Jharkhand,JH_Latehar,Latehar,7872,1,7814,57,0
JH,Jharkhand,JH_Lohardaga,Lohardaga,6710,1,6621,88,0
JH,Jharkhand,JH_Pakur,Pakur,2556,5,2539,12,0
JH,Jharkhand,JH_Palamu,Palamu,12294,0,12184,110,0
JH,Jharkhand,JH_Ramgarh,Ramgarh,13925,14,13714,197,0
JH,Jharkhand,JH_Ranchi,Ranchi,86116,36,84495,1585,0
JH,Jharkhand,JH_Sahibganj,Sahibganj,4835,1,4792,42,0
JH,Jharkhand,JH_Saraikela-Kharsawan,Saraikela-Kharsawan,7208,4,7137,67,0
JH,Jharkhand,JH_Simdega,Simdega,7193,0,7101,92,0
JH,Jharkhand,JH_Unknown,Unknown,19,19,0,0,0
JH,Jharkhand,JH_West Singhbhum,West Singhbhum,13055,4,12918,133,0
JK,Jammu and Kashmir,JK_Anantnag,Anantnag,16608,12,16391,205,0
JK,Jammu and Kashmir,JK_Bandipora,Bandipora,9824,19,9703,102,0
JK,Jammu and Kashmir,JK_Baramulla,Baramulla,24669,156,24231,282,0
JK,Jammu and Kashmir,JK_Budgam,Budgam,23869,86,23576,207,0
JK,Jammu and Kashmir,JK_Doda,Doda,7879,28,7718,133,0
JK,Jammu and Kashmir,JK_Ganderbal,Ganderbal,10471,68,10324,79,0
JK,Jammu and Kashmir,JK_Jammu,Jammu,53352,45,52162,1145,0
JK,Jammu and Kashmir,JK_Kathua,Kathua,9330,3,9175,152,0
JK,Jammu and Kashmir,JK_Kishtwar,Kishtwar,4820,3,4773,44,0
JK,Jammu and Kashmir,JK_Kulgam,Kulgam,11489,2,11370,117,0
JK,Jammu and Kashmir,JK_Kupwara,Kupwara,14482,31,14285,166,0
JK,Jammu and Kashmir,JK_Pulwama,Pulwama,15517,10,15313,194,0
JK,Jammu and Kashmir,JK_Punch,Punch,6489,15,6376,98,0
JK,Jammu and Kashmir,JK_Rajouri,Rajouri,11280,11,11032,237,0
JK,Jammu and Kashmir,JK_Ramban,Ramban,6046,6,5973,67,0
JK,Jammu and Kashmir,JK_Reasi,Reasi,6630,8,6579,43,0
JK,Jammu and Kashmir,JK_Samba,Samba,7152,0,7032,120,0
JK,Jammu and Kashmir,JK_Shopiyan,Shopiyan,5609,2,5549,58,0
JK,Jammu and Kashmir,JK_Srinagar,Srinagar,75720,480,74394,846,0
JK,Jammu and Kashmir,JK_Udhampur,Udhampur,11418,5,11276,137,0
KA,Karnataka,KA_Bagalkote,Bagalkote,35178,2,34843,333,0
KA,Karnataka,KA_Ballari,Ballari,97763,107,95967,1689,0
KA,Karnataka,KA_Belagavi,Belagavi,79913,86,78889,938,0
KA,Karnataka,KA_Bengaluru Rural,Bengaluru Rural,62012,40,61082,890,0
KA,Karnataka,KA_Bengaluru Urban,Bengaluru Urban,1252319,6439,1229593,16286,1
KA,Karnataka,KA_Bidar,Bidar,24341,1,23936,400,4
KA,Karnataka,KA_Chamarajanagara,Chamarajanagara,33002,20,32471,500,11
KA,Karnataka,KA_Chikkaballapura,Chikkaballapura,43951,14,43507,429,1
KA,Karnataka,KA_Chikkamagaluru,Chikkamagaluru,51137,71,50671,395,0
KA,Karnataka,KA_Chitradurga,Chitradurga,36669,44,36419,206,0
KA,Karnataka,KA_Dakshina Kannada,Dakshina Kannada,115524,234,113602,1681,7
KA,Karnataka,KA_Davanagere,Davanagere,50989,22,50359,608,0
KA,Karnataka,KA_Dharwad,Dharwad,60981,20,59644,1315,2
KA,Karnataka,KA_Gadag,Gadag,26066,0,25747,319,0
KA,Karnataka,KA_Hassan,Hassan,111809,186,110364,1257,2
KA,Karnataka,KA_Haveri,Haveri,21948,3,21301,644,0
KA,Karnataka,KA_Kalaburagi,Kalaburagi,61929,21,61089,819,0
KA,Karnataka,KA_Kodagu,Kodagu,37114,156,36628,329,1
KA,Karnataka,KA_Kolar,Kolar,46926,15,46273,638,0
KA,Karnataka,KA_Koppal,Koppal,35201,19,34661,521,0
KA,Karnataka,KA_Mandya,Mandya,73772,81,73041,650,0
KA,Karnataka,KA_Mysuru,Mysuru,179230,285,176527,2418,0
KA,Karnataka,KA_Other State,Other State,36,0,33,3,0
KA,Karnataka,KA_Raichur,Raichur,39980,8,39641,331,0
KA,Karnataka,KA_Ramanagara,Ramanagara,24207,15,23872,320,0
KA,Karnataka,KA_Shivamogga,Shivamogga,69460,128,68244,1088,0
KA,Karnataka,KA_Tumakuru,Tumakuru,120870,269,119473,1128,0
KA,Karnataka,KA_Udupi,Udupi,76739,42,76208,489,0
KA,Karnataka,KA_Uttara Kannada,Uttara Kannada,56240,93,55379,768,0
KA,Karnataka,KA_Vijayapura,Vijayapura,36270,11,35764,495,0
KA,Karnataka,KA_Yadgir,Yadgir,27547,2,27338,207,0
KL,Kerala,KL_Alappuzha,Alappuzha,317076,254,314880,1902,40
KL,Kerala,KL_Ernakulam,Ernakulam,606771,13992,588935,3774,70
KL,Kerala,KL_Idukki,Idukki,148479,5969,141962,539,9
KL,Kerala,KL_Kannur,Kannur,276769,3304,270976,2436,53
KL,Kerala,KL_Kasaragod,Kasaragod,139231,3166,135406,642,17
KL,Kerala,KL_Kollam,Kollam,392957,3750,386574,2576,57
KL,Kerala,KL_Kottayam,Kottayam,324617,4514,318710,1375,18
KL,Kerala,KL_Kozhikode,Kozhikode,530153,4786,521782,3541,44
KL,Kerala,KL_Malappuram,Malappuram,568888,2312,563937,2607,32
KL,Kerala,KL_Palakkad,Palakkad,375024,6164,365908,2928,24
KL,Kerala,KL_Pathanamthitta,Pathanamthitta,194792,6905,186789,1087,11
KL,Kerala,KL_Thiruvananthapuram,Thiruvananthapuram,467760,10860,451752,5034,114
KL,Kerala,KL_Thrissur,Thrissur,526101,5045,517277,3753,26
KL,Kerala,KL_Unknown,Unknown,0,-1,0,1,0
KL,Kerala,KL_Wayanad,Wayanad,126637,3621,122462,540,14
LA,Ladakh,LA_Kargil,Kargil,3619,5,3556,58,0
LA,Ladakh,LA_Leh,Leh,17360,76,17134,150,0
LD,Lakshadweep,LD_Lakshadweep,Lakshadweep,10365,0,10270,51,44
MH,Maharashtra,MH_Ahmednagar,Ahmednagar,339832,2646,330122,7063,1
MH,Maharashtra,MH_Akola,Akola,58772,25,57318,1425,4
MH,Maharashtra,MH_Amravati,Amravati,96231,17,94618,1594,2
MH,Maharashtra,MH_Aurangabad,Aurangabad,155424,544,150615,4251,14
MH,Maharashtra,MH_Beed,Beed,103776,159,100803,2807,7
MH,Maharashtra,MH_Bhandara,Bhandara,60082,4,58945,1123,10
MH,Maharashtra,MH_Buldhana,Buldhana,85526,13,84710,797,6
MH,Maharashtra,MH_Chandrapur,Chandrapur,88971,18,87387,1562,4
MH,Maharashtra,MH_Dhule,Dhule,46174,8,45501,654,11
MH,Maharashtra,MH_Gadchiroli,Gadchiroli,30446,9,29735,669,33
MH,Maharashtra,MH_Gondia,Gondia,40519,2,39941,569,7
MH,Maharashtra,MH_Hingoli,Hingoli,18476,20,17949,506,1
MH,Maharashtra,MH_Jalgaon,Jalgaon,139941,17,137178,2714,32
MH,Maharashtra,MH_Jalna,Jalna,60625,32,59382,1210,1
MH,Maharashtra,MH_Kolhapur,Kolhapur,206728,176,200699,5848,5
MH,Maharashtra,MH_Latur,Latur,92166,113,89608,2439,6
MH,Maharashtra,MH_Mumbai,Mumbai,757246,5163,733318,16253,2512
MH,Maharashtra,MH_Nagpur,Nagpur,493621,88,484334,9128,71
MH,Maharashtra,MH_Nanded,Nanded,90418,33,87721,2658,6
MH,Maharashtra,MH_Nandurbar,Nandurbar,40007,2,39054,948,3
MH,Maharashtra,MH_Nashik,Nashik,411012,912,401418,8681,1
MH,Maharashtra,MH_Osmanabad,Osmanabad,67847,187,65577,1969,114
MH,Maharashtra,MH_Other State,Other State,144,0,31,111,2
MH,Maharashtra,MH_Palghar,Palghar,138045,433,134309,3289,14
MH,Maharashtra,MH_Parbhani,Parbhani,52372,42,51078,1233,19
MH,Maharashtra,MH_Pune,Pune,1155446,4085,1131401,19611,349
MH,Maharashtra,MH_Raigad,Raigad,196062,744,190759,4552,7
MH,Maharashtra,MH_Ratnagiri,Ratnagiri,78978,197,76292,2484,5
MH,Maharashtra,MH_Sangli,Sangli,209814,518,203673,5614,9
MH,Maharashtra,MH_Satara,Satara,250518,565,243482,6440,31
MH,Maharashtra,MH_Sindhudurg,Sindhudurg,52920,483,50987,1435,15
MH,Maharashtra,MH_Solapur,Solapur,210570,539,204364,5557,110
MH,Maharashtra,MH_Thane,Thane,610329,1691,597141,11462,35
MH,Maharashtra,MH_Unknown,Unknown,1386,1019,330,37,0
MH,Maharashtra,MH_Wardha,Wardha,57348,9,55956,1218,165
MH,Maharashtra,MH_Washim,Washim,41663,3,41020,637,3
MH,Maharashtra,MH_Yavatmal,Yavatmal,75971,10,74159,1798,4
ML,Meghalaya,ML_East Garo Hills,East Garo Hills,1868,11,1844,13,0
ML,Meghalaya,ML_East Jaintia Hills,East Jaintia Hills,2432,6,2395,31,0
ML,Meghalaya,ML_East Khasi Hills,East Khasi Hills,41075,334,39754,987,0
ML,Meghalaya,ML_North Garo Hills,North Garo Hills,1687,5,1674,8,0
ML,Meghalaya,ML_Ribhoi,Ribhoi,9698,25,9584,89,0
ML,Meghalaya,ML_South Garo Hills,South Garo Hills,1218,3,1203,12,0
ML,Meghalaya,ML_South West Garo Hills,South West Garo Hills,1875,6,1852,17,0
ML,Meghalaya,ML_South West Khasi Hills,South West Khasi Hills,2549,7,2525,17,0
ML,Meghalaya,ML_Unknown,Unknown,1,1,0,0,0
ML,Meghalaya,ML_West Garo Hills,West Garo Hills,9029,14,8943,72,0
ML,Meghalaya,ML_West Jaintia Hills,West Jaintia Hills,6804,29,6642,133,0
ML,Meghalaya,ML_West Khasi Hills,West Khasi Hills,5463,62,5330,71,0
MN,Manipur,MN_Bishnupur,Bishnupur,5,5,0,0,0
MN,Manipur,MN_Chandel,Chandel,6,5,0,1,0
MN,Manipur,MN_Churachandpur,Churachandpur,4,4,0,0,0
MN,Manipur,MN_Imphal East,Imphal East,58,56,0,2,0
MN,Manipur,MN_Imphal West,Imphal West,118,117,0,1,0
MN,Manipur,MN_Jiribam,Jiribam,0,0,0,0,0
MN,Manipur,MN_Kakching,Kakching,2,2,0,0,0
MN,Manipur,MN_Kamjong,Kamjong,2,2,0,0,0
MN,Manipur,MN_Kangpokpi,Kangpokpi,1,1,0,0,0
MN,Manipur,MN_Noney,Noney,1,1,0,0,0
MN,Manipur,MN_Pherzawl,Pherzawl,0,0,0,0,0
MN,Manipur,MN_Senapati,Senapati,4,4,0,0,0
MN,Manipur,MN_Tamenglong,Tamenglong,2,2,0,0,0
MN,Manipur,MN_Tengnoupal,Tengnoupal,10,10,0,0,0
MN,Manipur,MN_Thoubal,Thoubal,6,4,0,2,0
MN,Manipur,MN_Ukhrul,Ukhrul,7,7,0,0,0
MN,Manipur,MN_Unknown,Unknown,123731,708,121102,1921,0
MP,Madhya Pradesh,MP_Agar Malwa,Agar Malwa,3303,0,3235,68,0
MP,Madhya Pradesh,MP_Alirajpur,Alirajpur,3505,4,3453,48,0
MP,Madhya Pradesh,MP_Anuppur,Anuppur,9240,11,9140,89,0
MP,Madhya Pradesh,MP_Ashoknagar,Ashoknagar,3671,0,3613,58,0
MP,Madhya Pradesh,MP_Balaghat,Balaghat,9101,20,9017,64,0
MP,Madhya Pradesh,MP_Barwani,Barwani,8366,9,8267,90,0
MP,Madhya Pradesh,MP_Betul,Betul,12905,38,12590,277,0
MP,Madhya Pradesh,MP_Bhind,Bhind,2996,4,2960,32,0
MP,Madhya Pradesh,MP_Bhopal,Bhopal,123552,459,122121,972,0
MP,Madhya Pradesh,MP_Burhanpur,Burhanpur,2569,1,2529,39,0
MP,Madhya Pradesh,MP_Chhatarpur,Chhatarpur,7611,14,7506,91,0
MP,Madhya Pradesh,MP_Chhindwara,Chhindwara,6734,2,6612,120,0
MP,Madhya Pradesh,MP_Damoh,Damoh,8121,94,7841,186,0
MP,Madhya Pradesh,MP_Datia,Datia,6962,10,6874,78,0
MP,Madhya Pradesh,MP_Dewas,Dewas,7723,0,7672,51,0
MP,Madhya Pradesh,MP_Dhar,Dhar,12572,54,12388,130,0
MP,Madhya Pradesh,MP_Dindori,Dindori,4623,6,4588,29,0
MP,Madhya Pradesh,MP_Guna,Guna,5133,4,5085,44,0
MP,Madhya Pradesh,MP_Gwalior,Gwalior,53106,46,52427,633,0
MP,Madhya Pradesh,MP_Harda,Harda,5056,6,4954,96,0
MP,Madhya Pradesh,MP_Hoshangabad,Hoshangabad,10688,19,10570,99,0
MP,Madhya Pradesh,MP_Indore,Indore,153230,429,151410,1391,0
MP,Madhya Pradesh,MP_Jabalpur,Jabalpur,50779,213,49896,670,0
MP,Madhya Pradesh,MP_Jhabua,Jhabua,7692,9,7619,64,0
MP,Madhya Pradesh,MP_Katni,Katni,9367,5,9242,120,0
MP,Madhya Pradesh,MP_Khandwa,Khandwa,4044,4,3946,94,0
MP,Madhya Pradesh,MP_Khargone,Khargone,13970,15,13716,239,0
MP,Madhya Pradesh,MP_Mandla,Mandla,5189,5,5159,25,0
MP,Madhya Pradesh,MP_Mandsaur,Mandsaur,8637,1,8552,84,0
MP,Madhya Pradesh,MP_Morena,Morena,8236,6,8135,95,0
MP,Madhya Pradesh,MP_Narsinghpur,Narsinghpur,11210,14,11115,81,0
MP,Madhya Pradesh,MP_Neemuch,Neemuch,7930,18,7828,84,0
MP,Madhya Pradesh,MP_Niwari,Niwari,3716,14,3654,48,0
MP,Madhya Pradesh,MP_Other Region,Other Region,0,0,0,0,0
MP,Madhya Pradesh,MP_Panna,Panna,7332,19,7250,63,0
MP,Madhya Pradesh,MP_Raigarh,Raigarh,2,2,0,0,0
MP,Madhya Pradesh,MP_Raisen,Raisen,9238,14,9030,194,0
MP,Madhya Pradesh,MP_Rajgarh,Rajgarh,8730,68,8490,172,0
MP,Madhya Pradesh,MP_Ratlam,Ratlam,17860,37,17438,385,0
MP,Madhya Pradesh,MP_Rewa,Rewa,16435,10,16270,155,0
MP,Madhya Pradesh,MP_Sagar,Sagar,16622,78,16154,390,0
MP,Madhya Pradesh,MP_Satna,Satna,11966,4,11829,133,0
MP,Madhya Pradesh,MP_Sehore,Sehore,10137,7,10057,73,0
MP,Madhya Pradesh,MP_Seoni,Seoni,6776,9,6739,28,0
MP,Madhya Pradesh,MP_Shahdol,Shahdol,10087,11,9958,118,0
MP,Madhya Pradesh,MP_Shajapur,Shajapur,6349,2,6273,74,0
MP,Madhya Pradesh,MP_Sheopur,Sheopur,4000,3,3919,78,0
MP,Madhya Pradesh,MP_Shivpuri,Shivpuri,12398,12,12261,125,0
MP,Madhya Pradesh,MP_Sidhi,Sidhi,9220,1,9132,87,0
MP,Madhya Pradesh,MP_Singrauli,Singrauli,8802,14,8706,82,0
MP,Madhya Pradesh,MP_Tikamgarh,Tikamgarh,6863,7,6742,114,0
MP,Madhya Pradesh,MP_Ujjain,Ujjain,18903,11,18720,172,0
MP,Madhya Pradesh,MP_Umaria,Umaria,6295,8,6224,63,0
MP,Madhya Pradesh,MP_Unknown,Unknown,1416,-1719,1641,1494,0
MP,Madhya Pradesh,MP_Vidisha,Vidisha,11922,8,11677,237,0
MZ,Mizoram,MZ_Aizawl,Aizawl,75111,2645,72166,300,0
MZ,Mizoram,MZ_Champhai,Champhai,5193,306,4876,11,0
MZ,Mizoram,MZ_Hnahthial,Hnahthial,1021,109,909,3,0
MZ,Mizoram,MZ_Khawzawl,Khawzawl,735,45,690,0,0
MZ,Mizoram,MZ_Kolasib,Kolasib,7732,105,7597,30,0
MZ,Mizoram,MZ_Lawngtlai,Lawngtlai,6742,107,6612,23,0
MZ,Mizoram,MZ_Lunglei,Lunglei,9843,563,9253,27,0
MZ,Mizoram,MZ_Mamit,Mamit,4855,338,4505,12,0
MZ,Mizoram,MZ_Saiha,Saiha,5470,109,5347,14,0
MZ,Mizoram,MZ_Saitual,Saitual,472,26,444,2,0
MZ,Mizoram,MZ_Serchhip,Serchhip,4211,444,3757,10,0
MZ,Mizoram,MZ_Unknown,Unknown,1,1,0,0,0
NL,Nagaland,NL_Dimapur,Dimapur,14716,96,13510,421,689
NL,Nagaland,NL_Kiphire,Kiphire,259,3,246,9,1
NL,Nagaland,NL_Kohima,Kohima,9468,38,9104,124,202
NL,Nagaland,NL_Longleng,Longleng,308,1,287,2,18
NL,Nagaland,NL_Mokokchung,Mokokchung,2337,30,2191,54,62
NL,Nagaland,NL_Mon,Mon,1159,4,1124,14,17
NL,Nagaland,NL_Others,Others,2,2,0,0,0
NL,Nagaland,NL_Peren,Peren,920,2,897,6,15
NL,Nagaland,NL_Phek,Phek,603,6,570,18,9
NL,Nagaland,NL_Tuensang,Tuensang,1098,3,1079,13,3
NL,Nagaland,NL_Unknown,Unknown,9,9,0,0,0
NL,Nagaland,NL_Wokha,Wokha,404,12,365,11,16
NL,Nagaland,NL_Zunheboto,Zunheboto,624,5,593,15,11
OR,Odisha,OR_Angul,Angul,43936,28,43515,393,0
OR,Odisha,OR_Balangir,Balangir,23411,24,23261,126,0
OR,Odisha,OR_Balasore,Balasore,40817,80,40438,299,0
OR,Odisha,OR_Bargarh,Bargarh,31130,21,30774,335,0
OR,Odisha,OR_Bhadrak,Bhadrak,26505,63,26292,150,0
OR,Odisha,OR_Boudh,Boudh,12639,14,12513,112,0
OR,Odisha,OR_Cuttack,Cuttack,94733,305,93571,857,0
OR,Odisha,OR_Deogarh,Deogarh,6556,15,6491,50,0
OR,Odisha,OR_Dhenkanal,Dhenkanal,19876,24,19609,243,0
OR,Odisha,OR_Gajapati,Gajapati,9662,17,9561,84,0
OR,Odisha,OR_Ganjam,Ganjam,33861,25,33351,485,0
OR,Odisha,OR_Jagatsinghpur,Jagatsinghpur,27957,82,27559,316,0
OR,Odisha,OR_Jajpur,Jajpur,43780,104,43504,172,0
OR,Odisha,OR_Jharsuguda,Jharsuguda,23868,12,23680,176,0
OR,Odisha,OR_Kalahandi,Kalahandi,24316,21,24085,210,0
OR,Odisha,OR_Kandhamal,Kandhamal,11537,0,11454,83,0
OR,Odisha,OR_Kendrapara,Kendrapara,24888,60,24576,252,0
OR,Odisha,OR_Kendujhar,Kendujhar,20985,5,20805,175,0
OR,Odisha,OR_Khordha,Khordha,175923,1631,172740,1552,0
OR,Odisha,OR_Koraput,Koraput,19143,15,19050,78,0
OR,Odisha,OR_Malkangiri,Malkangiri,11668,6,11613,49,0
OR,Odisha,OR_Mayurbhanj,Mayurbhanj,40869,103,40480,286,0
OR,Odisha,OR_Nabarangapur,Nabarangapur,23553,6,23461,86,0
OR,Odisha,OR_Nayagarh,Nayagarh,23519,32,23275,212,0
OR,Odisha,OR_Nuapada,Nuapada,22930,20,22826,84,0
OR,Odisha,OR_Others,Others,61,61,0,0,0
OR,Odisha,OR_Puri,Puri,45449,56,44934,459,0
OR,Odisha,OR_Rayagada,Rayagada,20225,50,20008,167,0
OR,Odisha,OR_Sambalpur,Sambalpur,31686,76,31370,240,0
OR,Odisha,OR_State Pool,State Pool,32327,553,31774,0,0
OR,Odisha,OR_Subarnapur,Subarnapur,13193,14,13118,61,0
OR,Odisha,OR_Sundargarh,Sundargarh,61861,66,61201,594,0
PB,Punjab,PB_Amritsar,Amritsar,47379,24,45757,1598,0
PB,Punjab,PB_Barnala,Barnala,5950,10,5696,244,0
PB,Punjab,PB_Bathinda,Bathinda,41730,20,40668,1042,0
PB,Punjab,PB_Faridkot,Faridkot,13927,10,13602,315,0
PB,Punjab,PB_Fatehgarh Sahib,Fatehgarh Sahib,8876,3,8538,335,0
PB,Punjab,PB_Fazilka,Fazilka,20275,18,19729,528,0
PB,Punjab,PB_Ferozepur,Ferozepur,14347,11,13832,504,0
PB,Punjab,PB_Gurdaspur,Gurdaspur,22381,4,21576,801,0
PB,Punjab,PB_Hoshiarpur,Hoshiarpur,30822,8,29828,986,0
PB,Punjab,PB_Jalandhar,Jalandhar,63396,36,61864,1496,0
PB,Punjab,PB_Kapurthala,Kapurthala,17852,2,17294,556,0
PB,Punjab,PB_Ludhiana,Ludhiana,87608,18,85484,2106,0
PB,Punjab,PB_Mansa,Mansa,15606,0,15226,380,0
PB,Punjab,PB_Moga,Moga,8675,2,8440,233,0
PB,Punjab,PB_Pathankot,Pathankot,18814,22,18373,419,0
PB,Punjab,PB_Patiala,Patiala,48927,8,47561,1358,0
PB,Punjab,PB_Rupnagar,Rupnagar,12963,23,12517,423,0
PB,Punjab,PB_Sangrur,Sangrur,15762,3,14884,875,0
PB,Punjab,PB_S.A.S. Nagar,S.A.S. Nagar,68821,27,67726,1068,0
PB,Punjab,PB_Shahid Bhagat Singh Nagar,Shahid Bhagat Singh Nagar,11469,1,11080,388,0
PB,Punjab,PB_Sri Muktsar Sahib,Sri Muktsar Sahib,18784,3,18257,524,0
PB,Punjab,PB_Tarn Taran,Tarn Taran,8048,9,7659,380,0
PY,Puducherry,PY_Karaikal,Karaikal,16489,89,16150,250,0
PY,Puducherry,PY_Mahe,Mahe,5867,76,5744,47,0
PY,Puducherry,PY_Puducherry,Puducherry,98885,261,97171,1453,0
PY,Puducherry,PY_Unknown,Unknown,2,2,0,0,0
PY,Puducherry,PY_Yanam,Yanam,6774,6,6661,107,0
RJ,Rajasthan,RJ_Ajmer,Ajmer,37769,6,37353,410,0
RJ,Rajasthan,RJ_Alwar,Alwar,59694,0,59387,307,0
RJ,Rajasthan,RJ_Banswara,Banswara,10005,0,9901,104,0
RJ,Rajasthan,RJ_Baran,Baran,11997,2,11934,61,0
RJ,Rajasthan,RJ_Barmer,Barmer,15564,2,15377,185,0
RJ,Rajasthan,RJ_Bharatpur,Bharatpur,19601,0,19341,260,0
RJ,Rajasthan,RJ_Bhilwara,Bhilwara,29781,0,29625,156,0
RJ,Rajasthan,RJ_Bikaner,Bikaner,40347,10,39792,545,0
RJ,Rajasthan,RJ_BSF Camp,BSF Camp,115,30,85,0,0
RJ,Rajasthan,RJ_Bundi,Bundi,7968,1,7919,48,0
RJ,Rajasthan,RJ_Chittorgarh,Chittorgarh,19809,0,19670,139,0
RJ,Rajasthan,RJ_Churu,Churu,16720,0,16613,107,0
RJ,Rajasthan,RJ_Dausa,Dausa,13351,0,13289,62,0
RJ,Rajasthan,RJ_Dholpur,Dholpur,11010,0,10962,48,0
RJ,Rajasthan,RJ_Dungarpur,Dungarpur,18407,0,18276,131,0
RJ,Rajasthan,RJ_Evacuees,Evacuees,61,0,61,0,0
RJ,Rajasthan,RJ_Ganganagar,Ganganagar,19356,3,19203,150,0
RJ,Rajasthan,RJ_Hanumangarh,Hanumangarh,16053,0,15942,111,0
RJ,Rajasthan,RJ_Italians,Italians,2,0,2,0,0
RJ,Rajasthan,RJ_Jaipur,Jaipur,187811,23,185818,1970,0
RJ,Rajasthan,RJ_Jaisalmer,Jaisalmer,13639,0,13573,66,0
RJ,Rajasthan,RJ_Jalore,Jalore,10070,3,9995,72,0
RJ,Rajasthan,RJ_Jhalawar,Jhalawar,13612,0,13425,187,0
RJ,Rajasthan,RJ_Jhunjhunu,Jhunjhunu,14811,0,14653,158,0
RJ,Rajasthan,RJ_Jodhpur,Jodhpur,112414,2,111309,1103,0
RJ,Rajasthan,RJ_Karauli,Karauli,7156,0,7086,70,0
RJ,Rajasthan,RJ_Kota,Kota,57053,0,56604,449,0
RJ,Rajasthan,RJ_Nagaur,Nagaur,17737,0,17560,177,0
RJ,Rajasthan,RJ_Other State,Other State,189,0,150,39,0
RJ,Rajasthan,RJ_Pali,Pali,27324,0,27037,287,0
RJ,Rajasthan,RJ_Pratapgarh,Pratapgarh,7143,0,7080,63,0
RJ,Rajasthan,RJ_Rajsamand,Rajsamand,17044,0,16875,169,0
RJ,Rajasthan,RJ_Sawai Madhopur,Sawai Madhopur,10618,0,10557,61,0
RJ,Rajasthan,RJ_Sikar,Sikar,30618,0,30283,335,0
RJ,Rajasthan,RJ_Sirohi,Sirohi,13733,1,13653,79,0
RJ,Rajasthan,RJ_Tonk,Tonk,9498,0,9406,92,0
RJ,Rajasthan,RJ_Udaipur,Udaipur,56407,2,55652,753,0
SK,Sikkim,SK_East Sikkim,East Sikkim,0,0,0,0,0
SK,Sikkim,SK_North Sikkim,North Sikkim,0,0,0,0,0
SK,Sikkim,SK_South Sikkim,South Sikkim,0,0,0,0,0
SK,Sikkim,SK_Unknown,Unknown,31980,196,31063,396,325
SK,Sikkim,SK_West Sikkim,West Sikkim,0,0,0,0,0
TG,Telangana,TG_Adilabad,Adilabad,5,5,0,0,0
TG,Telangana,TG_Bhadradri Kothagudem,Bhadradri Kothagudem,14,14,0,0,0
TG,Telangana,TG_Hyderabad,Hyderabad,227,227,0,0,0
TG,Telangana,TG_Jagtial,Jagtial,15,15,0,0,0
TG,Telangana,TG_Jangaon,Jangaon,3,3,0,0,0
TG,Telangana,TG_Jayashankar Bhupalapally,Jayashankar Bhupalapally,0,0,0,0,0
TG,Telangana,TG_Jogulamba Gadwal,Jogulamba Gadwal,1,1,0,0,0
TG,Telangana,TG_Kamareddy,Kamareddy,2,2,0,0,0
TG,Telangana,TG_Karimnagar,Karimnagar,40,40,0,0,0
TG,Telangana,TG_Khammam,Khammam,31,31,0,0,0
TG,Telangana,TG_Komaram Bheem,Komaram Bheem,5,5,0,0,0
TG,Telangana,TG_Mahabubabad,Mahabubabad,4,4,0,0,0
TG,Telangana,TG_Mahabubnagar,Mahabubnagar,7,7,0,0,0
TG,Telangana,TG_Mancherial,Mancherial,12,12,0,0,0
TG,Telangana,TG_Medak,Medak,4,4,0,0,0
TG,Telangana,TG_Medchal Malkajgiri,Medchal Malkajgiri,37,37,0,0,0
TG,Telangana,TG_Mulugu,Mulugu,2,2,0,0,0
TG,Telangana,TG_Nagarkurnool,Nagarkurnool,6,6,0,0,0
TG,Telangana,TG_Nalgonda,Nalgonda,18,18,0,0,0
TG,Telangana,TG_Narayanpet,Narayanpet,1,1,0,0,0
TG,Telangana,TG_Nirmal,Nirmal,1,1,0,0,0
TG,Telangana,TG_Nizamabad,Nizamabad,9,9,0,0,0
TG,Telangana,TG_Peddapalli,Peddapalli,19,19,0,0,0
TG,Telangana,TG_Rajanna Sircilla,Rajanna Sircilla,13,13,0,0,0
TG,Telangana,TG_Ranga Reddy,Ranga Reddy,38,38,0,0,0
TG,Telangana,TG_Sangareddy,Sangareddy,11,11,0,0,0
TG,Telangana,TG_Siddipet,Siddipet,8,8,0,0,0
TG,Telangana,TG_Suryapet,Suryapet,10,10,0,0,0
TG,Telangana,TG_Unknown,Unknown,671474,4011,663507,3956,0
TG,Telangana,TG_Vikarabad,Vikarabad,2,2,0,0,0
TG,Telangana,TG_Wanaparthy,Wanaparthy,4,4,0,0,0
TG,Telangana,TG_Warangal Rural,Warangal Rural,11,11,0,0,0
TG,Telangana,TG_Warangal Urban,Warangal Urban,21,21,0,0,0
TG,Telangana,TG_Yadadri Bhuvanagiri,Yadadri Bhuvanagiri,8,8,0,0,0
TN,Tamil Nadu,TN_Airport Quarantine,Airport Quarantine,2117,7,2108,2,0
TN,Tamil Nadu,TN_Ariyalur,Ariyalur,16866,44,16561,261,0
TN,Tamil Nadu,TN_Chengalpattu,Chengalpattu,172111,899,168700,2512,0
TN,Tamil Nadu,TN_Chennai,Chennai,555109,1328,545223,8558,0
TN,Tamil Nadu,TN_Coimbatore,Coimbatore,247227,1230,243574,2423,0
TN,Tamil Nadu,TN_Cuddalore,Cuddalore,64151,196,63085,870,0
TN,Tamil Nadu,TN_Dharmapuri,Dharmapuri,28485,169,28040,276,0
TN,Tamil Nadu,TN_Dindigul,Dindigul,33117,80,32390,647,0
TN,Tamil Nadu,TN_Erode,Erode,104586,739,103159,688,0
TN,Tamil Nadu,TN_Kallakurichi,Kallakurichi,31410,97,31103,210,0
TN,Tamil Nadu,TN_Kancheepuram,Kancheepuram,75087,335,73494,1258,0
TN,Tamil Nadu,TN_Kanyakumari,Kanyakumari,62440,205,61185,1050,0
TN,Tamil Nadu,TN_Karur,Karur,24183,227,23599,357,0
TN,Tamil Nadu,TN_Krishnagiri,Krishnagiri,43634,196,43088,350,0
TN,Tamil Nadu,TN_Madurai,Madurai,75260,148,73936,1176,0
TN,Tamil Nadu,TN_Mayiladuthurai,Mayiladuthurai,43425,352,42507,566,0
TN,Tamil Nadu,TN_Nagapattinam,Nagapattinam,21118,154,20615,349,0
TN,Tamil Nadu,TN_Namakkal,Namakkal,52424,460,51463,501,0
TN,Tamil Nadu,TN_Nilgiris,Nilgiris,33650,199,33238,213,0
TN,Tamil Nadu,TN_Other State,Other State,1,0,0,1,0
TN,Tamil Nadu,TN_Perambalur,Perambalur,12072,31,11797,244,0
TN,Tamil Nadu,TN_Pudukkottai,Pudukkottai,30215,121,29678,416,0
TN,Tamil Nadu,TN_Railway Quarantine,Railway Quarantine,430,2,428,0,0
TN,Tamil Nadu,TN_Ramanathapuram,Ramanathapuram,20575,31,20185,359,0
TN,Tamil Nadu,TN_Ranipet,Ranipet,43466,95,42596,775,0
TN,Tamil Nadu,TN_Salem,Salem,100124,590,97847,1687,0
TN,Tamil Nadu,TN_Sivaganga,Sivaganga,20246,126,19913,207,0
TN,Tamil Nadu,TN_Tenkasi,Tenkasi,27371,36,26850,485,0
TN,Tamil Nadu,TN_Thanjavur,Thanjavur,75507,457,74072,978,0
TN,Tamil Nadu,TN_Theni,Theni,43581,28,43032,521,0
TN,Tamil Nadu,TN_Thiruvallur,Thiruvallur,119500,361,117297,1842,0
TN,Tamil Nadu,TN_Thiruvarur,Thiruvarur,41551,251,40854,446,0
TN,Tamil Nadu,TN_Thoothukkudi,Thoothukkudi,56347,124,55814,409,0
TN,Tamil Nadu,TN_Tiruchirappalli,Tiruchirappalli,77664,414,76190,1060,0
TN,Tamil Nadu,TN_Tirunelveli,Tirunelveli,49419,133,48853,433,0
TN,Tamil Nadu,TN_Tirupathur,Tirupathur,29323,69,28629,625,0
TN,Tamil Nadu,TN_Tiruppur,Tiruppur,95665,728,93954,983,0
TN,Tamil Nadu,TN_Tiruvannamalai,Tiruvannamalai,55026,167,54191,668,0
TN,Tamil Nadu,TN_Unknown,Unknown,0,0,0,0,0
TN,Tamil Nadu,TN_Vellore,Vellore,49940,198,48610,1132,0
TN,Tamil Nadu,TN_Viluppuram,Viluppuram,45902,123,45423,356,0
TN,Tamil Nadu,TN_Virudhunagar,Virudhunagar,46310,54,45708,548,0
TR,Tripura,TR_Dhalai,Dhalai,7039,3,7000,35,1
TR,Tripura,TR_Gomati,Gomati,8134,13,8043,74,4
TR,Tripura,TR_Khowai,Khowai,4560,6,4500,54,0
TR,Tripura,TR_North Tripura,North Tripura,7250,10,7199,34,7
TR,Tripura,TR_Sipahijala,Sipahijala,6360,11,6273,75,1
TR,Tripura,TR_South Tripura,South Tripura,10168,8,10104,53,3
TR,Tripura,TR_Unknown,Unknown,4,4,0,0,0
TR,Tripura,TR_Unokoti,Unokoti,8609,7,8530,68,4
TR,Tripura,TR_West Tripura,West Tripura,32351,71,31817,420,43
UP,Uttar Pradesh,UP_Agra,Agra,25765,0,25308,457,0
UP,Uttar Pradesh,UP_Aligarh,Aligarh,21280,0,21172,108,0
UP,Uttar Pradesh,UP_Ambedkar Nagar,Ambedkar Nagar,5042,5,4885,152,0
UP,Uttar Pradesh,UP_Amethi,Amethi,9973,2,9828,143,0
UP,Uttar Pradesh,UP_Amroha,Amroha,16616,1,16412,203,0
UP,Uttar Pradesh,UP_Auraiya,Auraiya,10090,0,9887,203,0
UP,Uttar Pradesh,UP_Ayodhya,Ayodhya,16919,0,16629,290,0
UP,Uttar Pradesh,UP_Azamgarh,Azamgarh,17906,3,17675,228,0
UP,Uttar Pradesh,UP_Baghpat,Baghpat,9132,0,8991,141,0
UP,Uttar Pradesh,UP_Bahraich,Bahraich,11549,0,11371,178,0
UP,Uttar Pradesh,UP_Ballia,Ballia,21611,1,21376,234,0
UP,Uttar Pradesh,UP_Balrampur,Balrampur,7494,2,7354,138,0
UP,Uttar Pradesh,UP_Banda,Banda,10992,2,10832,158,0
UP,Uttar Pradesh,UP_Barabanki,Barabanki,19850,1,19624,225,0
UP,Uttar Pradesh,UP_Bareilly,Bareilly,44028,1,43650,377,0
UP,Uttar Pradesh,UP_Basti,Basti,11717,2,11385,330,0
UP,Uttar Pradesh,UP_Bhadohi,Bhadohi,7720,0,7557,163,0
UP,Uttar Pradesh,UP_Bijnor,Bijnor,14794,0,14668,126,0
UP,Uttar Pradesh,UP_Budaun,Budaun,14941,0,14843,98,0
UP,Uttar Pradesh,UP_Bulandshahr,Bulandshahr,20215,0,19972,243,0
UP,Uttar Pradesh,UP_Chandauli,Chandauli,16209,1,15852,356,0
UP,Uttar Pradesh,UP_Chitrakoot,Chitrakoot,7113,3,7031,79,0
UP,Uttar Pradesh,UP_Deoria,Deoria,20224,1,20003,220,0
UP,Uttar Pradesh,UP_Etah,Etah,9968,1,9868,99,0
UP,Uttar Pradesh,UP_Etawah,Etawah,13933,0,13640,293,0
UP,Uttar Pradesh,UP_Farrukhabad,Farrukhabad,10349,2,10153,194,0
UP,Uttar Pradesh,UP_Fatehpur,Fatehpur,6816,3,6674,139,0
UP,Uttar Pradesh,UP_Firozabad,Firozabad,8720,0,8585,135,0
UP,Uttar Pradesh,UP_Gautam Buddha Nagar,Gautam Buddha Nagar,63353,10,62876,467,0
UP,Uttar Pradesh,UP_Ghaziabad,Ghaziabad,55673,5,55207,461,0
UP,Uttar Pradesh,UP_Ghazipur,Ghazipur,21641,0,21359,282,0
UP,Uttar Pradesh,UP_Gonda,Gonda,12282,0,12016,266,0
UP,Uttar Pradesh,UP_Gorakhpur,Gorakhpur,59440,4,58588,848,0
UP,Uttar Pradesh,UP_Hamirpur,Hamirpur,5233,1,5130,102,0
UP,Uttar Pradesh,UP_Hapur,Hapur,12638,0,12421,217,0
UP,Uttar Pradesh,UP_Hardoi,Hardoi,13755,0,13406,349,0
UP,Uttar Pradesh,UP_Hathras,Hathras,2920,0,2877,43,0
UP,Uttar Pradesh,UP_Jalaun,Jalaun,11687,3,11482,202,0
UP,Uttar Pradesh,UP_Jaunpur,Jaunpur,22584,0,22349,235,0
UP,Uttar Pradesh,UP_Jhansi,Jhansi,36557,2,35892,663,0
UP,Uttar Pradesh,UP_Kannauj,Kannauj,9231,2,9115,114,0
UP,Uttar Pradesh,UP_Kanpur Dehat,Kanpur Dehat,6198,1,6087,110,0
UP,Uttar Pradesh,UP_Kanpur Nagar,Kanpur Nagar,82933,4,81024,1905,0
UP,Uttar Pradesh,UP_Kasganj,Kasganj,4250,0,4197,53,0
UP,Uttar Pradesh,UP_Kaushambi,Kaushambi,4424,1,4353,70,0
UP,Uttar Pradesh,UP_Kushinagar,Kushinagar,15618,1,15389,228,0
UP,Uttar Pradesh,UP_Lakhimpur Kheri,Lakhimpur Kheri,24410,1,24117,292,0
UP,Uttar Pradesh,UP_Lalitpur,Lalitpur,12743,2,12613,128,0
UP,Uttar Pradesh,UP_Lucknow,Lucknow,238839,23,236165,2651,0
UP,Uttar Pradesh,UP_Maharajganj,Maharajganj,12440,0,12300,140,0
UP,Uttar Pradesh,UP_Mahoba,Mahoba,4270,2,4182,86,0
UP,Uttar Pradesh,UP_Mainpuri,Mainpuri,10028,0,9846,182,0
UP,Uttar Pradesh,UP_Mathura,Mathura,20297,2,19893,402,0
UP,Uttar Pradesh,UP_Mau,Mau,8333,1,8252,80,0
UP,Uttar Pradesh,UP_Meerut,Meerut,69480,15,68567,898,0
UP,Uttar Pradesh,UP_Mirzapur,Mirzapur,11088,0,10972,116,0
UP,Uttar Pradesh,UP_Moradabad,Moradabad,39102,1,38752,349,0
UP,Uttar Pradesh,UP_Muzaffarnagar,Muzaffarnagar,31009,3,30737,269,0
UP,Uttar Pradesh,UP_Pilibhit,Pilibhit,11032,1,10838,193,0
UP,Uttar Pradesh,UP_Pratapgarh,Pratapgarh,16038,0,15875,163,0
UP,Uttar Pradesh,UP_Prayagraj,Prayagraj,78699,2,77609,1088,0
UP,Uttar Pradesh,UP_Rae Bareli,Rae Bareli,17104,0,16761,343,0
UP,Uttar Pradesh,UP_Rampur,Rampur,11826,2,11676,148,0
UP,Uttar Pradesh,UP_Saharanpur,Saharanpur,32730,1,32309,420,0
UP,Uttar Pradesh,UP_Sambhal,Sambhal,9438,1,9331,106,0
UP,Uttar Pradesh,UP_Sant Kabir Nagar,Sant Kabir Nagar,8159,0,8061,98,0
UP,Uttar Pradesh,UP_Shahjahanpur,Shahjahanpur,20361,1,19916,444,0
UP,Uttar Pradesh,UP_Shamli,Shamli,12976,0,12931,45,0
UP,Uttar Pradesh,UP_Shrawasti,Shrawasti,4388,0,4353,35,0
UP,Uttar Pradesh,UP_Siddharthnagar,Siddharthnagar,9375,2,9273,100,0
UP,Uttar Pradesh,UP_Sitapur,Sitapur,12398,2,12211,185,0
UP,Uttar Pradesh,UP_Sonbhadra,Sonbhadra,16808,1,16556,251,0
UP,Uttar Pradesh,UP_Sultanpur,Sultanpur,14915,0,14777,138,0
UP,Uttar Pradesh,UP_Unnao,Unnao,15011,0,14757,254,0
UP,Uttar Pradesh,UP_Varanasi,Varanasi,85501,2,84528,971,0
UT,Uttarakhand,UT_Almora,Almora,12193,5,11378,196,614
UT,Uttarakhand,UT_Bageshwar,Bageshwar,5767,4,5678,60,25
UT,Uttarakhand,UT_Chamoli,Chamoli,12247,9,11972,62,204
UT,Uttarakhand,UT_Champawat,Champawat,7606,6,7358,53,189
UT,Uttarakhand,UT_Dehradun,Dehradun,112479,207,108153,3521,598
UT,Uttarakhand,UT_Haridwar,Haridwar,51509,15,49099,1019,1376
UT,Uttarakhand,UT_Nainital,Nainital,39246,21,38147,944,134
UT,Uttarakhand,UT_Pauri Garhwal,Pauri Garhwal,17686,0,16670,315,701
UT,Uttarakhand,UT_Pithoragarh,Pithoragarh,10271,15,9966,182,108
UT,Uttarakhand,UT_Rudraprayag,Rudraprayag,8800,0,8535,106,159
UT,Uttarakhand,UT_Tehri Garhwal,Tehri Garhwal,15836,1,14827,108,900
UT,Uttarakhand,UT_Udham Singh Nagar,Udham Singh Nagar,37877,2,36315,761,799
UT,Uttarakhand,UT_Unknown,Unknown,0,-1,0,0,1
UT,Uttarakhand,UT_Uttarkashi,Uttarkashi,12553,7,12129,74,343
WB,West Bengal,WB_Alipurduar,Alipurduar,15613,50,15461,102,0
WB,West Bengal,WB_Bankura,Bankura,36416,219,35923,274,0
WB,West Bengal,WB_Birbhum,Birbhum,41265,179,40800,286,0
WB,West Bengal,WB_Cooch Behar,Cooch Behar,29355,148,29110,97,0
WB,West Bengal,WB_Dakshin Dinajpur,Dakshin Dinajpur,17964,166,17627,171,0
WB,West Bengal,WB_Darjeeling,Darjeeling,57239,260,56438,541,0
WB,West Bengal,WB_Hooghly,Hooghly,86553,634,84925,994,0
WB,West Bengal,WB_Howrah,Howrah,99046,669,96851,1526,0
WB,West Bengal,WB_Jalpaiguri,Jalpaiguri,42037,143,41319,575,0
WB,West Bengal,WB_Jhargram,Jhargram,12164,54,12083,27,0
WB,West Bengal,WB_Kalimpong,Kalimpong,7051,34,6963,54,0
WB,West Bengal,WB_Kolkata,Kolkata,323468,2211,316093,5164,0
WB,West Bengal,WB_Malda,Malda,33461,110,33165,186,0
WB,West Bengal,WB_Murshidabad,Murshidabad,34017,59,33629,329,0
WB,West Bengal,WB_Nadia,Nadia,73477,390,72225,862,0
WB,West Bengal,WB_North 24 Parganas,North 24 Parganas,329789,1296,323647,4846,0
WB,West Bengal,WB_Other State,Other State,76,10,63,3,0
WB,West Bengal,WB_Paschim Bardhaman,Paschim Bardhaman,57879,238,57285,356,0
WB,West Bengal,WB_Paschim Medinipur,Paschim Medinipur,53688,251,52929,508,0
WB,West Bengal,WB_Purba Bardhaman,Purba Bardhaman,42094,215,41681,198,0
WB,West Bengal,WB_Purba Medinipur,Purba Medinipur,63143,136,62610,397,0
WB,West Bengal,WB_Purulia,Purulia,19428,23,19291,114,0
WB,West Bengal,WB_South 24 Parganas,South 24 Parganas,101276,696,99241,1339,0
WB,West Bengal,WB_Unknown,Unknown,0,0,0,0,0
WB,West Bengal,WB_Uttar Dinajpur,Uttar Dinajpur,19909,75,19595,239,0
